name,office,office_full,party,party_full,state,district,district_number,incumbent_challenge,incumbent_challenge_full,candidate_id,active_through
"DELAURO, ROSA L",H,House,DEM,DEMOCRATIC PARTY,CT,3,3,I,Incumbent,H0CT03072,2020
"DAVIS, SUSAN A.",H,House,DEM,DEMOCRATIC PARTY,CA,53,53,I,Incumbent,H0CA49055,2020
"BERA, AMERISH",H,House,DEM,DEMOCRATIC PARTY,CA,7,7,I,Incumbent,H0CA03078,2020
"WEBSTER, DANIEL",H,House,REP,REPUBLICAN PARTY,FL,11,11,I,Incumbent,H0FL08208,2020
"CHU, JUDY",H,House,DEM,DEMOCRATIC PARTY,CA,27,27,I,Incumbent,H0CA32101,2020
"DESAULNIER, MARK",H,House,DEM,DEMOCRATIC PARTY,CA,11,11,I,Incumbent,H0CA10073,2020
"NORTON, ELEANOR HOLMES",H,House,DEM,DEMOCRATIC PARTY,DC,0,0,I,Incumbent,H0DC00058,2020
"LAWSON, ALFRED JR",H,House,DEM,DEMOCRATIC PARTY,FL,5,5,I,Incumbent,H0FL02086,2020
"WOMACK, STEVE",H,House,REP,REPUBLICAN PARTY,AR,3,3,I,Incumbent,H0AR03055,2020
"SEWELL, TERRI A.",H,House,DEM,DEMOCRATIC PARTY,AL,7,7,I,Incumbent,H0AL07086,2020
"GOSAR, PAUL DR.",H,House,REP,REPUBLICAN PARTY,AZ,4,4,I,Incumbent,H0AZ01259,2020
"CRAWFORD, ERIC ALAN RICK",H,House,REP,REPUBLICAN PARTY,AR,1,1,I,Incumbent,H0AR01083,2020
"SCHIFF, ADAM",H,House,DEM,DEMOCRATIC PARTY,CA,28,28,I,Incumbent,H0CA27085,2020
"ROBY, MARTHA",H,House,REP,REPUBLICAN PARTY,AL,2,2,I,Incumbent,H0AL02087,2020
"BASS, KAREN",H,House,DEM,DEMOCRATIC PARTY,CA,37,37,I,Incumbent,H0CA33117,2020
"GARAMENDI, JOHN",H,House,DEM,DEMOCRATIC PARTY,CA,3,3,I,Incumbent,H0CA10149,2020
"BROOKS, MO",H,House,REP,REPUBLICAN PARTY,AL,5,5,I,Incumbent,H0AL05163,2020
"MITCHELL, PAUL III",H,House,REP,REPUBLICAN PARTY,MI,10,10,I,Incumbent,H4MI04118,2020
"WAGNER, ANN L.",H,House,REP,REPUBLICAN PARTY,MO,2,2,I,Incumbent,H2MO02102,2020
"WENSTRUP, BRAD DR.",H,House,REP,REPUBLICAN PARTY,OH,2,2,I,Incumbent,H2OH02085,2020
"WELCH, PETER",H,House,DEM,DEMOCRATIC PARTY,VT,0,0,I,Incumbent,H6VT00160,2020
"COURTNEY, JOSEPH D",H,House,DEM,DEMOCRATIC PARTY,CT,2,2,I,Incumbent,H2CT02112,2020
"DEMINGS, VALDEZ VAL",H,House,DEM,DEMOCRATIC PARTY,FL,10,10,I,Incumbent,H2FL08063,2020
"MCCAUL, MICHAEL",H,House,REP,REPUBLICAN PARTY,TX,10,10,I,Incumbent,H4TX10093,2020
"ESHOO, ANNA G",H,House,DEM,DEMOCRATIC PARTY,CA,18,18,I,Incumbent,H8CA12098,2020
"COMER, JAMES",H,House,REP,REPUBLICAN PARTY,KY,1,1,I,Incumbent,H6KY01110,2020
"EVANS, DWIGHT",H,House,DEM,DEMOCRATIC PARTY,PA,3,3,I,Incumbent,H6PA02171,2020
"CALVERT, KEN",H,House,REP,REPUBLICAN PARTY,CA,42,42,I,Incumbent,H2CA37023,2020
"LOFGREN, ZOE",H,House,DEM,DEMOCRATIC PARTY,CA,19,19,I,Incumbent,H4CA16049,2020
"MCNERNEY, GERALD MARK",H,House,DEM,DEMOCRATIC PARTY,CA,9,9,I,Incumbent,H4CA11081,2020
"AMODEI, MARK EUGENE",H,House,REP,REPUBLICAN PARTY,NV,2,2,I,Incumbent,H2NV02395,2020
"UNDERWOOD, LAUREN",H,House,DEM,DEMOCRATIC PARTY,IL,14,14,I,Incumbent,H8IL14174,2020
"TONKO, PAUL DAVID",H,House,DEM,DEMOCRATIC PARTY,NY,20,20,I,Incumbent,H8NY21203,2020
"MARSHALL, ROGER W",H,House,REP,REPUBLICAN PARTY,KS,1,1,I,Incumbent,H6KS01179,2020
"CONNOLLY, GERALD EDWARD",H,House,DEM,DEMOCRATIC PARTY,VA,11,11,I,Incumbent,H8VA11062,2020
"STEVENS, HALEY",H,House,DEM,DEMOCRATIC PARTY,MI,11,11,I,Incumbent,H8MI11254,2020
"CLARKE, YVETTE",H,House,DEM,DEMOCRATIC PARTY,NY,9,9,I,Incumbent,H4NY11138,2020
"ROGERS, MICHAEL",H,House,REP,REPUBLICAN PARTY,AL,3,3,I,Incumbent,H2AL03032,2020
"JORDAN, JAMES D.",H,House,REP,REPUBLICAN PARTY,OH,4,4,I,Incumbent,H6OH04082,2020
"GONZALEZ, VICENTE",H,House,DEM,DEMOCRATIC PARTY,TX,15,15,I,Incumbent,H6TX15162,2020
"WASSERMAN SCHULTZ, DEBBIE",H,House,DEM,DEMOCRATIC PARTY,FL,23,23,I,Incumbent,H4FL20023,2020
"RICE, KATHLEEN",H,House,DEM,DEMOCRATIC PARTY,NY,4,4,I,Incumbent,H4NY04075,2020
"DEUTCH, THEODORE ELIOT",H,House,DEM,DEMOCRATIC PARTY,FL,22,22,I,Incumbent,H0FL19080,2020
"TRAHAN, LORI",H,House,DEM,DEMOCRATIC PARTY,MA,3,3,I,Incumbent,H8MA03106,2020
"BUTTERFIELD, G. K.",H,House,DEM,DEMOCRATIC PARTY,NC,1,1,I,Incumbent,H4NC01046,2020
"CRAIG, ANGELA DAWN",H,House,DEM,DEMOCRATIC PARTY,MN,2,2,I,Incumbent,H6MN02131,2020
"BRADY, KEVIN",H,House,REP,REPUBLICAN PARTY,TX,8,8,I,Incumbent,H6TX08100,2020
"OMAR, ILHAN",H,House,DFL,DEMOCRATIC-FARMER-LABOR,MN,5,5,I,Incumbent,H8MN05239,2020
"JOHNSON, JAMES MICHAEL",H,House,REP,REPUBLICAN PARTY,LA,4,4,I,Incumbent,H6LA04138,2020
"TIPTON, SCOTT R.",H,House,REP,REPUBLICAN PARTY,CO,3,3,I,Incumbent,H6CO03139,2020
"YOUNG, DONALD E",H,House,REP,REPUBLICAN PARTY,AK,0,0,I,Incumbent,H6AK00045,2020
"LEE, SHEILA JACKSON",H,House,DEM,DEMOCRATIC PARTY,TX,18,18,I,Incumbent,H4TX18054,2020
"KILDEE, DANIEL T.",H,House,DEM,DEMOCRATIC PARTY,MI,5,5,I,Incumbent,H2MI05119,2020
"SCOTT, ROBERT C",H,House,DEM,DEMOCRATIC PARTY,VA,3,3,I,Incumbent,H6VA01117,2020
"LAMB, CONOR",H,House,DEM,DEMOCRATIC PARTY,PA,17,17,I,Incumbent,H8PA18181,2020
"CASE, EDWARD",H,House,DEM,DEMOCRATIC PARTY,HI,1,1,I,Incumbent,H2HI02128,2020
"MCCLINTOCK, THOMAS",H,House,REP,REPUBLICAN PARTY,CA,4,4,I,Incumbent,H8CA04152,2020
"LEE, BARBARA",H,House,DEM,DEMOCRATIC PARTY,CA,13,13,I,Incumbent,H8CA09060,2020
"BACON, DONALD J",H,House,REP,REPUBLICAN PARTY,NE,2,2,I,Incumbent,H6NE02125,2020
"CHABOT, STEVE",H,House,REP,REPUBLICAN PARTY,OH,1,1,I,Incumbent,H8OH01043,2020
"ENGEL, ELIOT L.",H,House,DEM,DEMOCRATIC PARTY,NY,16,16,I,Incumbent,H8NY19058,2020
"PERRY, SCOTT",H,House,REP,REPUBLICAN PARTY,PA,10,10,I,Incumbent,H2PA04135,2020
"CORREA, LOU",H,House,DEM,DEMOCRATIC PARTY,CA,46,46,I,Incumbent,H6CA46116,2020
"CONAWAY, MICHAEL HONORABLE",H,House,REP,REPUBLICAN PARTY,TX,11,11,I,Incumbent,H4TX19136,2020
"ROGERS, HAROLD DALLAS",H,House,REP,REPUBLICAN PARTY,KY,5,5,I,Incumbent,H0KY05015,2020
"WALTZ, MICHAEL",H,House,REP,REPUBLICAN PARTY,FL,6,6,I,Incumbent,H8FL06148,2020
"HIGGINS, BRIAN",H,House,DEM,DEMOCRATIC PARTY,NY,26,26,I,Incumbent,H4NY27076,2020
"PRICE, DAVID E.",H,House,DEM,DEMOCRATIC PARTY,NC,4,4,I,Incumbent,H6NC04037,2020
"LEE, SUSIE",H,House,DEM,DEMOCRATIC PARTY,NV,3,3,I,Incumbent,H6NV04020,2020
"MCADAMS, BEN",H,House,DEM,DEMOCRATIC PARTY,UT,4,4,I,Incumbent,H8UT04053,2020
"GOODEN, LANCE",H,House,REP,REPUBLICAN PARTY,TX,5,5,I,Incumbent,H8TX05144,2020
"TAKANO, MARK",H,House,DEM,DEMOCRATIC PARTY,CA,41,41,I,Incumbent,H2CA43245,2020
"CURTIS, JOHN",H,House,REP,REPUBLICAN PARTY,UT,3,3,I,Incumbent,H8UT03238,2020
"KING, PETE",H,House,REP,REPUBLICAN PARTY,NY,2,2,I,Incumbent,H2NY03089,2020
"DAVIS, RODNEY L",H,House,REP,REPUBLICAN PARTY,IL,13,13,I,Incumbent,H2IL13120,2020
"SOTO, DARREN",H,House,DEM,DEMOCRATIC PARTY,FL,9,9,I,Incumbent,H6FL09179,2020
"BERGMAN, JOHN",H,House,REP,REPUBLICAN PARTY,MI,1,1,I,Incumbent,H6MI01226,2020
"EMMER, THOMAS EARL JR.",H,House,REP,REPUBLICAN PARTY,MN,6,6,I,Incumbent,H4MN06087,2020
"KELLY, ROBIN",H,House,DEM,DEMOCRATIC PARTY,IL,2,2,I,Incumbent,H2IL02172,2020
"NUNES, DEVIN G.",H,House,REP,REPUBLICAN PARTY,CA,22,22,I,Incumbent,H8CA20059,2020
"GRANGER, KAY",H,House,REP,REPUBLICAN PARTY,TX,12,12,I,Incumbent,H6TX12060,2020
"GRAVES, GARRET",H,House,REP,REPUBLICAN PARTY,LA,6,6,I,Incumbent,H4LA06153,2020
"SMITH, D. ADAM",H,House,DEM,DEMOCRATIC PARTY,WA,9,9,I,Incumbent,H6WA09025,2020
"FORTENBERRY, JEFFREY L. HONORABLE",H,House,REP,REPUBLICAN PARTY,NE,1,1,I,Incumbent,H4NE01064,2020
"BURCHETT, TIM",H,House,REP,REPUBLICAN PARTY,TN,2,2,I,Incumbent,H8TN02119,2020
"HIGGINS, CLAY CAPTAIN",H,House,REP,REPUBLICAN PARTY,LA,3,3,I,Incumbent,H6LA03148,2020
"SPANO, VINCENT ROSS",H,House,REP,REPUBLICAN PARTY,FL,15,15,I,Incumbent,H8FL15230,2020
"SHERMAN, BRAD",H,House,DEM,DEMOCRATIC PARTY,CA,30,30,I,Incumbent,H6CA24113,2020
"BALDERSON, WILLIAM TROY",H,House,REP,REPUBLICAN PARTY,OH,12,12,I,Incumbent,H8OH12180,2020
"DELGADO, ANTONIO",H,House,DEM,DEMOCRATIC PARTY,NY,19,19,I,Incumbent,H8NY19181,2020
"SIMPSON, MICHAEL",H,House,REP,REPUBLICAN PARTY,ID,2,2,I,Incumbent,H8ID02064,2020
"SMITH, ADRIAN",H,House,REP,REPUBLICAN PARTY,NE,3,3,I,Incumbent,H6NE03115,2020
"COLE, TOM",H,House,REP,REPUBLICAN PARTY,OK,4,4,I,Incumbent,H2OK04055,2020
"STAUBER, PETER ALLEN",H,House,REP,REPUBLICAN PARTY,MN,8,8,I,Incumbent,H8MN08043,2020
"WILLIAMS, ROGER",H,House,REP,REPUBLICAN PARTY,TX,25,25,I,Incumbent,H2TX33040,2020
"HUNTER, DUNCAN D",H,House,REP,REPUBLICAN PARTY,CA,50,50,I,Incumbent,H8CA52052,2020
"SABLAN, GREGORIO KILILI CAMACHO",H,House,IND,INDEPENDENT,MP,0,0,I,Incumbent,H8MP00041,2020
"FLETCHER, ELIZABETH",H,House,DEM,DEMOCRATIC PARTY,TX,7,7,I,Incumbent,H8TX07140,2020
"WESTERMAN, BRUCE",H,House,REP,REPUBLICAN PARTY,AR,4,4,I,Incumbent,H4AR04048,2020
"BEATTY, JOYCE",H,House,DEM,DEMOCRATIC PARTY,OH,3,3,I,Incumbent,H2OH03125,2020
"SCHRIER, KIM DR.",H,House,DEM,DEMOCRATIC PARTY,WA,8,8,I,Incumbent,H8WA08189,2020
"KIRKPATRICK, ANN",H,House,DEM,DEMOCRATIC PARTY,AZ,2,2,I,Incumbent,H8AZ01104,2020
"DAVIS, DANNY K",H,House,DEM,DEMOCRATIC PARTY,IL,7,7,I,Incumbent,H4IL07037,2020
"WILSON, JOE THE HON.",H,House,REP,REPUBLICAN PARTY,SC,2,2,I,Incumbent,H2SC02059,2020
"GARCIA, JESUS",H,House,DEM,DEMOCRATIC PARTY,IL,4,4,I,Incumbent,H8IL04134,2020
"HECK, DENNIS",H,House,DEM,DEMOCRATIC PARTY,WA,10,10,I,Incumbent,H0WA03161,2020
"MAST, BRIAN",H,House,REP,REPUBLICAN PARTY,FL,18,18,I,Incumbent,H6FL18097,2020
"BUCHANAN, VERNON",H,House,REP,REPUBLICAN PARTY,FL,16,16,I,Incumbent,H6FL13148,2020
"UPTON, FREDERICK STEPHEN",H,House,REP,REPUBLICAN PARTY,MI,6,6,I,Incumbent,H6MI04113,2020
"CASTRO, JOAQUIN",H,House,DEM,DEMOCRATIC PARTY,TX,20,20,I,Incumbent,H2TX35011,2020
"RICE, TOM",H,House,REP,REPUBLICAN PARTY,SC,7,7,I,Incumbent,H2SC07066,2020
"PAPPAS, CHRIS",H,House,DEM,DEMOCRATIC PARTY,NH,1,1,I,Incumbent,H8NH01210,2020
"STEWART, CHRIS",H,House,REP,REPUBLICAN PARTY,UT,2,2,I,Incumbent,H2UT02324,2020
"STEUBE, GREG",H,House,REP,REPUBLICAN PARTY,FL,17,17,I,Incumbent,H8FL17053,2020
"HIMES, JIM",H,House,DEM,DEMOCRATIC PARTY,CT,4,4,I,Incumbent,H8CT04172,2020
"WALORSKI SWIHART, JACKIE",H,House,REP,REPUBLICAN PARTY,IN,2,2,I,Incumbent,H0IN02190,2020
"SHIMKUS, JOHN M",H,House,REP,REPUBLICAN PARTY,IL,15,15,I,Incumbent,H2IL20042,2020
"SCOTT, DAVID ALBERT",H,House,DEM,DEMOCRATIC PARTY,GA,13,13,I,Incumbent,H2GA13012,2020
"HAGEDORN, JAMES",H,House,REP,REPUBLICAN PARTY,MN,1,1,I,Incumbent,H0MN01045,2020
"BARRAGAN, NANETTE",H,House,DEM,DEMOCRATIC PARTY,CA,44,44,I,Incumbent,H6CA44103,2020
"COHEN, STEPHEN IRA",H,House,DEM,DEMOCRATIC PARTY,TN,9,9,I,Incumbent,H6TN09068,2020
"YOHO, THEODORE SCOTT",H,House,REP,REPUBLICAN PARTY,FL,3,3,I,Incumbent,H2FL06109,2020
"ROSE, JOHN W.",H,House,REP,REPUBLICAN PARTY,TN,6,6,I,Incumbent,H8TN06094,2020
"JEFFRIES, HAKEEM",H,House,DEM,DEMOCRATIC PARTY,NY,8,8,I,Incumbent,H2NY10092,2020
"MCGOVERN, JAMES P. MR.",H,House,DEM,DEMOCRATIC PARTY,MA,2,2,I,Incumbent,H4MA03022,2020
"CICILLINE, DAVID N",H,House,DEM,DEMOCRATIC PARTY,RI,1,1,I,Incumbent,H0RI01073,2020
"SCALISE, STEVE MR",H,House,REP,REPUBLICAN PARTY,LA,1,1,I,Incumbent,H0LA01087,2020
"RICHMOND, CEDRIC L.",H,House,DEM,DEMOCRATIC PARTY,LA,2,2,I,Incumbent,H8LA02054,2020
"WALDEN, GREGORY P. MR.",H,House,REP,REPUBLICAN PARTY,OR,2,2,I,Incumbent,H6OR02116,2020
"LIPINSKI, DANIEL WILLIAM WILLIAM",H,House,DEM,DEMOCRATIC PARTY,IL,3,3,I,Incumbent,H4IL03077,2020
"GONZALEZ COLON, JENNIFFER",H,House,NPP,NEW PROGRESSIVE PARTY,PR,0,0,I,Incumbent,H6PR00082,2020
"CARTWRIGHT, MATTHEW A.",H,House,DEM,DEMOCRATIC PARTY,PA,8,8,I,Incumbent,H2PA17079,2020
"PETERSON, COLLIN CLARK",H,House,DEM,DEMOCRATIC PARTY,MN,7,7,I,Incumbent,H2MN07014,2020
"BROWNLEY, JULIA",H,House,DEM,DEMOCRATIC PARTY,CA,26,26,I,Incumbent,H2CA00120,2020
"MCBATH, LUCIA KAY MS.",H,House,DEM,DEMOCRATIC PARTY,GA,6,6,I,Incumbent,H8GA06393,2020
"WALKER, BRADLEY MARK MR.",H,House,REP,REPUBLICAN PARTY,NC,6,6,I,Incumbent,H4NC06052,2020
"ROYBAL-ALLARD, LUCILLE",H,House,DEM,DEMOCRATIC PARTY,CA,40,40,I,Incumbent,H2CA33048,2020
"FINKENAUER, ABBY",H,House,DEM,DEMOCRATIC PARTY,IA,1,1,I,Incumbent,H8IA01094,2020
"HOULAHAN, CHRISSY",H,House,DEM,DEMOCRATIC PARTY,PA,6,6,I,Incumbent,H8PA06087,2020
"JONES, WALTER B",H,House,REP,REPUBLICAN PARTY,NC,3,3,I,Incumbent,H2NC01081,2020
"SMUCKER, LLOYD K.",H,House,REP,REPUBLICAN PARTY,PA,11,11,I,Incumbent,H6PA16320,2020
"HORSFORD, STEVEN ALEXZANDER",H,House,DEM,DEMOCRATIC PARTY,NV,4,4,I,Incumbent,H2NV04011,2020
"WILD, SUSAN",H,House,DEM,DEMOCRATIC PARTY,PA,7,7,I,Incumbent,H8PA15229,2020
"PRESSLEY, AYANNA",H,House,DEM,DEMOCRATIC PARTY,MA,7,7,I,Incumbent,H8MA07032,2020
"GAETZ, MATT",H,House,REP,REPUBLICAN PARTY,FL,1,1,I,Incumbent,H6FL01119,2020
"CRENSHAW, DANIEL",H,House,REP,REPUBLICAN PARTY,TX,2,2,I,Incumbent,H8TX02166,2020
"RUTHERFORD, JOHN",H,House,REP,REPUBLICAN PARTY,FL,4,4,I,Incumbent,H6FL04105,2020
"HARDER, JOSH",H,House,DEM,DEMOCRATIC PARTY,CA,10,10,I,Incumbent,H8CA10126,2020
"BISHOP, SANFORD",H,House,DEM,DEMOCRATIC PARTY,GA,2,2,I,Incumbent,H2GA02031,2020
"BROOKS, SUSAN MRS.",H,House,REP,REPUBLICAN PARTY,IN,5,5,I,Incumbent,H2IN05082,2020
"BANKS, JAMES E HON.",H,House,REP,REPUBLICAN PARTY,IN,3,3,I,Incumbent,H6IN03229,2020
"KENNEDY, JOSEPH P III",H,House,DEM,DEMOCRATIC PARTY,MA,4,4,I,Incumbent,H2MA04073,2020
"NEAL, RICHARD E MR.",H,House,DEM,DEMOCRATIC PARTY,MA,1,1,I,Incumbent,H8MA02041,2020
"HUFFMAN, JARED",H,House,DEM,DEMOCRATIC PARTY,CA,2,2,I,Incumbent,H2CA06259,2020
"CARTER, JOHN R. REP.",H,House,REP,REPUBLICAN PARTY,TX,31,31,I,Incumbent,H2TX31044,2020
"PENCE, GREGORY J.",H,House,REP,REPUBLICAN PARTY,IN,6,6,I,Incumbent,H8IN06129,2020
"CRIST, CHARLIE JOSEPH",H,House,DEM,DEMOCRATIC PARTY,FL,13,13,I,Incumbent,H6FL13205,2020
"CLINE, BENJAMIN LEE",H,House,REP,REPUBLICAN PARTY,VA,6,6,I,Incumbent,H8VA06104,2020
"SCHAKOWSKY, JANICE D",H,House,DEM,DEMOCRATIC PARTY,IL,9,9,I,Incumbent,H8IL09067,2020
"PERLMUTTER, EDWIN G",H,House,DEM,DEMOCRATIC PARTY,CO,7,7,I,Incumbent,H6CO07023,2020
"CROW, JASON",H,House,DEM,DEMOCRATIC PARTY,CO,6,6,I,Incumbent,H8CO06229,2020
"MCCOLLUM, BETTY",H,House,DFL,DEMOCRATIC-FARMER-LABOR,MN,4,4,I,Incumbent,H0MN04049,2020
"RYAN, TIMOTHY",H,House,DEM,DEMOCRATIC PARTY,OH,13,13,I,Incumbent,H2OH17109,2020
"WILSON, FREDERICA S",H,House,DEM,DEMOCRATIC PARTY,FL,24,24,I,Incumbent,H0FL17068,2020
"WEBER, RANDY",H,House,REP,REPUBLICAN PARTY,TX,14,14,I,Incumbent,H2TX14149,2020
"STEFANIK, ELISE M.",H,House,REP,REPUBLICAN PARTY,NY,21,21,I,Incumbent,H4NY21079,2020
"BROWN, ANTHONY",H,House,DEM,DEMOCRATIC PARTY,MD,4,4,I,Incumbent,H6MD04209,2020
"HARTZLER, VICKY",H,House,REP,REPUBLICAN PARTY,MO,4,4,I,Incumbent,H0MO04086,2020
"TURNER, MICHAEL R",H,House,REP,REPUBLICAN PARTY,OH,10,10,I,Incumbent,H2OH03067,2020
"CUELLAR, HENRY R.",H,House,DEM,DEMOCRATIC PARTY,TX,28,28,I,Incumbent,H2TX23082,2020
"SENSENBRENNER, F. JAMES JR.",H,House,REP,REPUBLICAN PARTY,WI,5,5,I,Incumbent,H8WI09050,2020
"TITUS, DINA",H,House,DEM,DEMOCRATIC PARTY,NV,1,1,I,Incumbent,H8NV03036,2020
"PINGREE, CHELLIE M",H,House,DEM,DEMOCRATIC PARTY,ME,1,1,I,Incumbent,H8ME01120,2020
"SANCHEZ, LINDA",H,House,DEM,DEMOCRATIC PARTY,CA,38,38,I,Incumbent,H2CA39078,2020
"MCCARTHY, KEVIN",H,House,REP,REPUBLICAN PARTY,CA,23,23,I,Incumbent,H6CA22125,2020
"SHALALA, DONNA",H,House,DEM,DEMOCRATIC PARTY,FL,27,27,I,Incumbent,H8FL27193,2020
"KELLER, FRED",H,House,REP,REPUBLICAN PARTY,PA,12,12,I,Incumbent,H0PA12181,2020
"SCANLON, MARY GAY",H,House,DEM,DEMOCRATIC PARTY,PA,5,5,I,Incumbent,H8PA07200,2020
"ROSE, MAX",H,House,DEM,DEMOCRATIC PARTY,NY,11,11,I,Incumbent,H8NY11113,2020
"CLARK, KATHERINE",H,House,DEM,DEMOCRATIC PARTY,MA,5,5,I,Incumbent,H4MA05084,2020
"MEUSER, DANIEL",H,House,REP,REPUBLICAN PARTY,PA,9,9,I,Incumbent,H8PA10147,2020
"TORRES, NORMA",H,House,DEM,DEMOCRATIC PARTY,CA,35,35,I,Incumbent,H4CA35031,2020
"ESCOBAR, VERONICA",H,House,DEM,DEMOCRATIC PARTY,TX,16,16,I,Incumbent,H8TX16109,2020
"HILL, JAMES FRENCH",H,House,REP,REPUBLICAN PARTY,AR,2,2,I,Incumbent,H4AR02141,2020
"RATCLIFFE, JOHN L",H,House,REP,REPUBLICAN PARTY,TX,4,4,I,Incumbent,H4TX04153,2020
"PANETTA, JIMMY",H,House,DEM,DEMOCRATIC PARTY,CA,20,20,I,Incumbent,H6CA20152,2020
"RUPPERSBERGER, C. A. DUTCH",H,House,DEM,DEMOCRATIC PARTY,MD,2,2,I,Incumbent,H2MD02160,2020
"BAIRD, JAMES R DR.",H,House,REP,REPUBLICAN PARTY,IN,4,4,I,Incumbent,H8IN04199,2020
"MOOLENAAR, JOHN MR.",H,House,REP,REPUBLICAN PARTY,MI,4,4,I,Incumbent,H4MI04126,2020
"KUSTOFF, DAVID",H,House,REP,REPUBLICAN PARTY,TN,8,8,I,Incumbent,H2TN07103,2020
"CUMMINGS, ELIJAH E",H,House,DEM,DEMOCRATIC PARTY,MD,7,7,I,Incumbent,H6MD07160,2020
"WATKINS, STEVEN C. JR.",H,House,REP,REPUBLICAN PARTY,KS,2,2,I,Incumbent,H8KS02199,2020
"GALLAGHER, MICHAEL JOHN",H,House,REP,REPUBLICAN PARTY,WI,8,8,I,Incumbent,H6WI08155,2020
"COOPER, JAMES H.S.",H,House,DEM,DEMOCRATIC PARTY,TN,5,5,I,Incumbent,H2TN05131,2020
"DIAZ-BALART, MARIO",H,House,REP,REPUBLICAN PARTY,FL,25,25,I,Incumbent,H2FL25018,2020
"ROUZER, DAVID CHESTON",H,House,REP,REPUBLICAN PARTY,NC,7,7,I,Incumbent,H2NC07096,2020
"GONZALEZ, ANTHONY E",H,House,REP,REPUBLICAN PARTY,OH,16,16,I,Incumbent,H8OH16124,2020
"MCMORRIS RODGERS, CATHY",H,House,REP,REPUBLICAN PARTY,WA,5,5,I,Incumbent,H4WA05077,2020
"ABRAHAM, RALPH LEE DR. JR.",H,House,REP,REPUBLICAN PARTY,LA,5,5,I,Incumbent,H4LA05221,2020
"NEGUSE, JOSEPH",H,House,DEM,DEMOCRATIC PARTY,CO,2,2,I,Incumbent,H8CO02160,2020
"CARTER, EARL LEROY",H,House,REP,REPUBLICAN PARTY,GA,1,1,I,Incumbent,H4GA01039,2020
"SLOTKIN, ELISSA",H,House,DEM,DEMOCRATIC PARTY,MI,8,8,I,Incumbent,H8MI08102,2020
"TLAIB, RASHIDA",H,House,DEM,DEMOCRATIC PARTY,MI,13,13,I,Incumbent,H8MI13250,2020
"CLYBURN, JAMES E.",H,House,DEM,DEMOCRATIC PARTY,SC,6,6,I,Incumbent,H2SC02042,2020
"THOMPSON, BENNIE G.",H,House,DEM,DEMOCRATIC PARTY,MS,2,2,I,Incumbent,H4MS02068,2020
"WOODALL, ROB REP.",H,House,REP,REPUBLICAN PARTY,GA,7,7,I,Incumbent,H0GA07133,2020
"DUNCAN, JEFFREY D MR.",H,House,REP,REPUBLICAN PARTY,SC,3,3,I,Incumbent,H0SC03077,2020
"GOLDEN, JARED",H,House,DEM,DEMOCRATIC PARTY,ME,2,2,I,Incumbent,H8ME02185,2020
"KEATING, WILLIAM RICHARD",H,House,DEM,DEMOCRATIC PARTY,MA,9,9,I,Incumbent,H0MA10082,2020
"MALONEY, SEAN PATRICK",H,House,DEM,DEMOCRATIC PARTY,NY,18,18,I,Incumbent,H2NY22139,2020
"CARDENAS, TONY",H,House,DEM,DEMOCRATIC PARTY,CA,29,29,I,Incumbent,H2CA28113,2020
"DEFAZIO, PETER A",H,House,DEM,DEMOCRATIC PARTY,OR,4,4,I,Incumbent,H6OR04047,2020
"LOWENTHAL, ALAN",H,House,DEM,DEMOCRATIC PARTY,CA,47,47,I,Incumbent,H2CA00104,2020
"LONG, BILLY MR.",H,House,REP,REPUBLICAN PARTY,MO,7,7,I,Incumbent,H0MO07113,2020
"SPANBERGER, ABIGAIL",H,House,DEM,DEMOCRATIC PARTY,VA,7,7,I,Incumbent,H8VA07094,2020
"GOHMERT, LOUIS B. MR. JR.",H,House,REP,REPUBLICAN PARTY,TX,1,1,I,Incumbent,H4TX04039,2020
"LOEBSACK, DAVID WAYNE",H,House,DEM,DEMOCRATIC PARTY,IA,2,2,I,Incumbent,H6IA02146,2020
"DINGELL, DEBBIE",H,House,DEM,DEMOCRATIC PARTY,MI,12,12,I,Incumbent,H4MI12079,2020
"BISHOP, ROBERT",H,House,REP,REPUBLICAN PARTY,UT,1,1,I,Incumbent,H2UT01094,2020
"RIGGLEMAN, DENVER LEE MR. III",H,House,REP,REPUBLICAN PARTY,VA,5,5,I,Incumbent,H8VA05171,2020
"COLLINS, CHRISTOPHER C",H,House,REP,REPUBLICAN PARTY,NY,27,27,I,Incumbent,H8NY29032,2020
"COSTA, JIM",H,House,DEM,DEMOCRATIC PARTY,CA,16,16,I,Incumbent,H4CA20082,2020
"PELOSI, NANCY",H,House,DEM,DEMOCRATIC PARTY,CA,12,12,I,Incumbent,H8CA05035,2020
"GRAVES, JOHN THOMAS MR. JR.",H,House,REP,REPUBLICAN PARTY,GA,14,14,I,Incumbent,H0GA09030,2020
"MEEKS, GREGORY W.",H,House,DEM,DEMOCRATIC PARTY,NY,5,5,I,Incumbent,H8NY06048,2020
"ALLRED, COLIN",H,House,DEM,DEMOCRATIC PARTY,TX,32,32,I,Incumbent,H8TX32098,2020
"BLUNT ROCHESTER, LISA",H,House,DEM,DEMOCRATIC PARTY,DE,0,0,I,Incumbent,H6DE00206,2020
"LAWRENCE, BRENDA LULENAR",H,House,DEM,DEMOCRATIC PARTY,MI,14,14,I,Incumbent,H2MI14111,2020
"OLSON, PETER G.",H,House,REP,REPUBLICAN PARTY,TX,22,22,I,Incumbent,H8TX22107,2020
"BUSTOS, CHERI",H,House,DEM,DEMOCRATIC PARTY,IL,17,17,I,Incumbent,H2IL17071,2020
"BONAMICI, SUZANNE MS.",H,House,DEM,DEMOCRATIC PARTY,OR,1,1,I,Incumbent,H2OR01133,2020
"FERGUSON, ANDERSON DREW IV",H,House,REP,REPUBLICAN PARTY,GA,3,3,I,Incumbent,H6GA03113,2020
"TRONE, DAVID",H,House,DEM,DEMOCRATIC PARTY,MD,6,6,I,Incumbent,H6MD08549,2020
"MARINO, THOMAS ANTHONY",H,House,REP,REPUBLICAN PARTY,PA,12,12,I,Incumbent,H0PA10078,2020
"AMASH, JUSTIN",H,House,IND,INDEPENDENT,MI,3,3,I,Incumbent,H0MI03126,2020
"BRINDISI, ANTHONY",H,House,DEM,DEMOCRATIC PARTY,NY,22,22,I,Incumbent,H8NY22151,2020
"MOULTON, SETH",H,House,DEM,DEMOCRATIC PARTY,MA,6,6,I,Incumbent,H4MA06090,2020
"DUNN, NEAL PATRICK MD, FACS",H,House,REP,REPUBLICAN PARTY,FL,2,2,I,Incumbent,H6FL02208,2020
"CLOUD, MICHAEL",H,House,REP,REPUBLICAN PARTY,TX,27,27,I,Incumbent,H8TX27049,2020
"LANGEVIN, JAMES R HONORABLE",H,House,DEM,DEMOCRATIC PARTY,RI,2,2,I,Incumbent,H0RI02139,2020
"STIVERS, STEVE MR.",H,House,REP,REPUBLICAN PARTY,OH,15,15,I,Incumbent,H8OH15076,2020
"FULCHER, RUSSELL",H,House,REP,REPUBLICAN PARTY,ID,1,1,I,Incumbent,H8ID01124,2020
"LARSON, JOHN B",H,House,DEM,DEMOCRATIC PARTY,CT,1,1,I,Incumbent,H8CT01046,2020
"SIRES, ALBIO",H,House,DEM,DEMOCRATIC PARTY,NJ,8,8,I,Incumbent,H6NJ13191,2020
"VISCLOSKY, PETER J.",H,House,DEM,DEMOCRATIC PARTY,IN,1,1,I,Incumbent,H4IN01012,2020
"MILLER, CAROL DEVINE",H,House,REP,REPUBLICAN PARTY,WV,3,3,I,Incumbent,H8WV03097,2020
"LAHOOD, DARIN MCKAY",H,House,REP,REPUBLICAN PARTY,IL,18,18,I,Incumbent,H6IL18088,2020
"LUCAS, FRANK D.",H,House,REP,REPUBLICAN PARTY,OK,3,3,I,Incumbent,H4OK06056,2020
"TORRES SMALL, XOCHITL",H,House,DEM,DEMOCRATIC PARTY,NM,2,2,I,Incumbent,H8NM02248,2020
"AGUILAR, PETE",H,House,DEM,DEMOCRATIC PARTY,CA,31,31,I,Incumbent,H2CA31125,2020
"KAPTUR, MARCY HON.",H,House,DEM,DEMOCRATIC PARTY,OH,9,9,I,Incumbent,H2OH09031,2020
"PORTER, KATHERINE",H,House,DEM,DEMOCRATIC PARTY,CA,45,45,I,Incumbent,H8CA45130,2020
"CLAY, WILLIAM LACY JR",H,House,DEM,DEMOCRATIC PARTY,MO,1,1,I,Incumbent,H0MO01066,2020
"ROE, DAVID PHILLIP DR.",H,House,REP,REPUBLICAN PARTY,TN,1,1,I,Incumbent,H6TN01388,2020
"MALINOWSKI, TOM",H,House,DEM,DEMOCRATIC PARTY,NJ,7,7,I,Incumbent,H8NJ07223,2020
"BLUMENAUER, EARL",H,House,DEM,DEMOCRATIC PARTY,OR,3,3,I,Incumbent,H6OR03064,2020
"FUDGE, MARCIA L.",H,House,DEM,DEMOCRATIC PARTY,OH,11,11,I,Incumbent,H8OH11141,2020
"THORNBERRY, MAC",H,House,REP,REPUBLICAN PARTY,TX,13,13,I,Incumbent,H4TX13014,2020
"BYRNE, BRADLEY ROBERTS",H,House,REP,REPUBLICAN PARTY,AL,1,1,I,Incumbent,H4AL01123,2020
"GOTTHEIMER, JOSH",H,House,DEM,DEMOCRATIC PARTY,NJ,5,5,I,Incumbent,H6NJ05171,2020
"MORELLE, JOSEPH D",H,House,DEM,DEMOCRATIC PARTY,NY,25,25,I,Incumbent,H8NY25105,2020
"STANTON, GREG",H,House,DEM,DEMOCRATIC PARTY,AZ,9,9,I,Incumbent,H8AZ09040,2020
"NEWHOUSE, DAN",H,House,REP,REPUBLICAN PARTY,WA,4,4,I,Incumbent,H4WA04104,2020
"JOHNSON, HENRY C. 'HANK",H,House,DEM,DEMOCRATIC PARTY,GA,4,4,I,Incumbent,H6GA04129,2020
"DAVIDS, SHARICE",H,House,DEM,DEMOCRATIC PARTY,KS,3,3,I,Incumbent,H8KS03155,2020
"VEASEY, MARC ALLISON MR.",H,House,DEM,DEMOCRATIC PARTY,TX,33,33,I,Incumbent,H2TX33073,2020
"KIND, RONALD JAMES",H,House,DEM,DEMOCRATIC PARTY,WI,3,3,I,Incumbent,H6WI03099,2020
"MEADOWS, MARK R",H,House,REP,REPUBLICAN PARTY,NC,11,11,I,Incumbent,H2NC11080,2020
"HARRIS, ANDREW P",H,House,REP,REPUBLICAN PARTY,MD,1,1,I,Incumbent,H8MD01094,2020
"HOLLINGSWORTH, TREY",H,House,REP,REPUBLICAN PARTY,IN,9,9,I,Incumbent,H6IN09176,2020
"SUOZZI, THOMAS",H,House,DEM,DEMOCRATIC PARTY,NY,3,3,I,Incumbent,H6NY03247,2020
"MENG, GRACE",H,House,DEM,DEMOCRATIC PARTY,NY,6,6,I,Incumbent,H2NY06116,2020
"GRIJALVA, RAUL M",H,House,DEM,DEMOCRATIC PARTY,AZ,3,3,I,Incumbent,H2AZ07070,2020
"DESJARLAIS, SCOTT HON.",H,House,REP,REPUBLICAN PARTY,TN,4,4,I,Incumbent,H0TN04195,2020
"SERRANO, JOSE E.",H,House,DEM,DEMOCRATIC PARTY,NY,15,15,I,Incumbent,H0NY18065,2020
"SHERRILL, MIKIE",H,House,DEM,DEMOCRATIC PARTY,NJ,11,11,I,Incumbent,H8NJ11142,2020
"HUDSON, RICHARD L. JR.",H,House,REP,REPUBLICAN PARTY,NC,8,8,I,Incumbent,H2NC08185,2020
"LAMBORN, DOUGLAS",H,House,REP,REPUBLICAN PARTY,CO,5,5,I,Incumbent,H6CO05159,2020
"KUSTER, ANN MCLANE",H,House,DEM,DEMOCRATIC PARTY,NH,2,2,I,Incumbent,H0NH02181,2020
"BOST, MICHAEL",H,House,REP,REPUBLICAN PARTY,IL,12,12,I,Incumbent,H4IL12060,2020
"GABBARD, TULSI",H,House,DEM,DEMOCRATIC PARTY,HI,2,2,I,Incumbent,H2HI02508,2020
"SMITH, CHRISTOPHER H",H,House,REP,REPUBLICAN PARTY,NJ,4,4,I,Incumbent,H8NJ04014,2020
"SMITH, JASON T",H,House,REP,REPUBLICAN PARTY,MO,8,8,I,Incumbent,H4MO08162,2020
"VAN DREW, JEFF",H,House,DEM,DEMOCRATIC PARTY,NJ,2,2,I,Incumbent,H8NJ02166,2020
"COLEMAN, BONNIE WATSON",H,House,DEM,DEMOCRATIC PARTY,NJ,12,12,I,Incumbent,H4NJ12149,2020
"WRIGHT, RON",H,House,REP,REPUBLICAN PARTY,TX,6,6,I,Incumbent,H8TX06233,2020
"BUCK, KENNETH R",H,House,REP,REPUBLICAN PARTY,CO,4,4,I,Incumbent,H4CO04090,2020
"LESKO, DEBBIE",H,House,REP,REPUBLICAN PARTY,AZ,8,8,I,Incumbent,H8AZ08158,2020
"YARMUTH, JOHN",H,House,DEM,DEMOCRATIC PARTY,KY,3,3,I,Incumbent,H6KY03124,2020
"PALAZZO, STEVEN MCCARTY",H,House,REP,REPUBLICAN PARTY,MS,4,4,I,Incumbent,H0MS04120,2020
"FOSTER, G. WILLIAM (BILL)",H,House,DEM,DEMOCRATIC PARTY,IL,11,11,I,Incumbent,H8IL14067,2020
"CASTEN, SEAN",H,House,DEM,DEMOCRATIC PARTY,IL,6,6,I,Incumbent,H8IL06139,2020
"TAYLOR, NICHOLAS V.",H,House,REP,REPUBLICAN PARTY,TX,3,3,I,Incumbent,H8TX03123,2020
"PALMER, GARY",H,House,REP,REPUBLICAN PARTY,AL,6,6,I,Incumbent,H4AL06098,2020
"MCEACHIN, ASTON DONALD",H,House,DEM,DEMOCRATIC PARTY,VA,4,4,I,Incumbent,H6VA04061,2020
"VELAZQUEZ, NYDIA M.",H,House,DEM,DEMOCRATIC PARTY,NY,7,7,I,Incumbent,H2NY00010,2020
"BARR, GARLAND ANDY",H,House,REP,REPUBLICAN PARTY,KY,6,6,I,Incumbent,H0KY06104,2020
"THOMPSON, GLENN",H,House,REP,REPUBLICAN PARTY,PA,15,15,I,Incumbent,H8PA05071,2020
"WATERS, MAXINE",H,House,DEM,DEMOCRATIC PARTY,CA,43,43,I,Incumbent,H4CA23011,2020
"PHILLIPS, DEAN",H,House,DFL,DEMOCRATIC-FARMER-LABOR,MN,3,3,I,Incumbent,H8MN03143,2020
"HILL, KATHERINE LAUREN",H,House,DEM,DEMOCRATIC PARTY,CA,25,25,I,Incumbent,H8CA25074,2020
"MCHENRY, PATRICK TIMOTHY",H,House,REP,REPUBLICAN PARTY,NC,10,10,I,Incumbent,H4NC10047,2020
"HUIZENGA, WILLIAM P",H,House,REP,REPUBLICAN PARTY,MI,2,2,I,Incumbent,H0MI02094,2020
"JOYCE, JOHN",H,House,REP,REPUBLICAN PARTY,PA,13,13,I,Incumbent,H8PA13125,2020
"SCHWEIKERT, DAVID S.",H,House,REP,REPUBLICAN PARTY,AZ,6,6,I,Incumbent,H4AZ06045,2020
"POCAN, MARK",H,House,DEM,DEMOCRATIC PARTY,WI,2,2,I,Incumbent,H2WI02124,2020
"ROY, CHIP",H,House,REP,REPUBLICAN PARTY,TX,21,21,I,Incumbent,H8TX21307,2020
"GOMEZ, JIMMY",H,House,DEM,DEMOCRATIC PARTY,CA,34,34,I,Incumbent,H8CA34266,2020
"PAYNE, DONALD M., JR.",H,House,DEM,DEMOCRATIC PARTY,NJ,10,10,I,Incumbent,H2NJ10154,2020
"NORCROSS, DONALD W",H,House,DEM,DEMOCRATIC PARTY,NJ,1,1,I,Incumbent,H4NJ01084,2020
"COLLINS, DOUGLAS ALLEN",H,House,REP,REPUBLICAN PARTY,GA,9,9,I,Incumbent,H2GA09150,2020
"KRISHNAMOORTHI, S. RAJA",H,House,DEM,DEMOCRATIC PARTY,IL,8,8,I,Incumbent,H6IL08147,2020
"JOYCE, DAVID P",H,House,REP,REPUBLICAN PARTY,OH,14,14,I,Incumbent,H2OH14064,2020
"RUIZ, RAUL DR",H,House,DEM,DEMOCRATIC PARTY,CA,36,36,I,Incumbent,H2CA36439,2020
"BABIN, BRIAN",H,House,REP,REPUBLICAN PARTY,TX,36,36,I,Incumbent,H6TX02079,2020
"RASKIN, JAMIE",H,House,DEM,DEMOCRATIC PARTY,MD,8,8,I,Incumbent,H6MD08457,2020
"SAN NICOLAS, MICHAEL F.Q. MR.",H,House,DEM,DEMOCRATIC PARTY,GU,0,0,I,Incumbent,H8GU01020,2020
"BEYER, DONALD STERNOFF HONORABLE JR.",H,House,DEM,DEMOCRATIC PARTY,VA,8,8,I,Incumbent,H4VA08224,2020
"WEXTON, JENNIFER",H,House,DEM,DEMOCRATIC PARTY,VA,10,10,I,Incumbent,H8VA10106,2020
"KELLY, GEORGE J JR",H,House,REP,REPUBLICAN PARTY,PA,16,16,I,Incumbent,H0PA03271,2020
"LAMALFA, DOUG",H,House,REP,REPUBLICAN PARTY,CA,1,1,I,Incumbent,H2CA02142,2020
"MALONEY, CAROLYN B.",H,House,DEM,DEMOCRATIC PARTY,NY,12,12,I,Incumbent,H2NY14037,2020
"SCHNEIDER, BRADLEY SCOTT",H,House,DEM,DEMOCRATIC PARTY,IL,10,10,I,Incumbent,H2IL10068,2020
"STEIL, BRYAN GEORGE",H,House,REP,REPUBLICAN PARTY,WI,1,1,I,Incumbent,H8WI01156,2020
"SCHRADER, KURT",H,House,DEM,DEMOCRATIC PARTY,OR,5,5,I,Incumbent,H8OR05107,2020
"LEWIS, JOHN R",H,House,DEM,DEMOCRATIC PARTY,GA,5,5,I,Incumbent,H6GA05217,2020
"VARGAS, JUAN CARLOS",H,House,DEM,DEMOCRATIC PARTY,CA,51,51,I,Incumbent,H2CA50026,2020
"LOUDERMILK, BARRY",H,House,REP,REPUBLICAN PARTY,GA,11,11,I,Incumbent,H4GA11061,2020
"DEGETTE, DIANA L",H,House,DEM,DEMOCRATIC PARTY,CO,1,1,I,Incumbent,H6CO01141,2020
"MOORE, GWEN S",H,House,DEM,DEMOCRATIC PARTY,WI,4,4,I,Incumbent,H4WI04183,2020
"MASSIE, THOMAS H.",H,House,REP,REPUBLICAN PARTY,KY,4,4,I,Incumbent,H2KY04121,2020
"JOHNSON, EDDIE BERNICE",H,House,DEM,DEMOCRATIC PARTY,TX,30,30,I,Incumbent,H2TX00015,2020
"ROUDA, HARLEY E JR",H,House,DEM,DEMOCRATIC PARTY,CA,48,48,I,Incumbent,H8CA48035,2020
"OCASIO-CORTEZ, ALEXANDRIA",H,House,DEM,DEMOCRATIC PARTY,NY,14,14,I,Incumbent,H8NY15148,2020
"LUETKEMEYER, W BLAINE",H,House,REP,REPUBLICAN PARTY,MO,3,3,I,Incumbent,H8MO09153,2020
"GIANFORTE, GREG",H,House,REP,REPUBLICAN PARTY,MT,0,0,I,Incumbent,H8MT01182,2020
"O'HALLERAN, TOM",H,House,DEM,DEMOCRATIC PARTY,AZ,1,1,I,Incumbent,H6AZ01199,2020
"GRAVES, SAMUEL B. JR.",H,House,REP,REPUBLICAN PARTY,MO,6,6,I,Incumbent,H0MO06073,2020
"NADLER, JERROLD L.",H,House,DEM,DEMOCRATIC PARTY,NY,10,10,I,Incumbent,H2NY17071,2020
"BURGESS, MICHAEL C. DR.",H,House,REP,REPUBLICAN PARTY,TX,26,26,I,Incumbent,H2TX26093,2020
"HERRERA BEUTLER, JAIME",H,House,REP,REPUBLICAN PARTY,WA,3,3,I,Incumbent,H0WA03187,2020
"KHANNA, ROHIT",H,House,DEM,DEMOCRATIC PARTY,CA,17,17,I,Incumbent,H4CA12055,2020
"GUTHRIE, S. BRETT HON.",H,House,REP,REPUBLICAN PARTY,KY,2,2,I,Incumbent,H8KY02031,2020
"MARCHANT, KENNY E MR.",H,House,REP,REPUBLICAN PARTY,TX,24,24,I,Incumbent,H4TX24094,2020
"NORMAN, RALPH W. JR.",H,House,REP,REPUBLICAN PARTY,SC,5,5,I,Incumbent,H8SC05158,2020
"HURD, WILLIAM",H,House,REP,REPUBLICAN PARTY,TX,23,23,I,Incumbent,H0TX23086,2020
"THOMPSON, MIKE MR.",H,House,DEM,DEMOCRATIC PARTY,CA,5,5,I,Incumbent,H8CA01109,2020
"HOLDING, GEORGE E MR.",H,House,REP,REPUBLICAN PARTY,NC,2,2,I,Incumbent,H2NC13110,2020
"BUCSHON, LARRY D.",H,House,REP,REPUBLICAN PARTY,IN,8,8,I,Incumbent,H0IN08114,2020
"KILMER, DEREK",H,House,DEM,DEMOCRATIC PARTY,WA,6,6,I,Incumbent,H2WA06129,2020
"CHENEY, ELIZABETH MRS.",H,House,REP,REPUBLICAN PARTY,WY,0,0,I,Incumbent,H6WY00159,2020
"GREEN, ALEXANDER",H,House,DEM,DEMOCRATIC PARTY,TX,9,9,I,Incumbent,H4TX09095,2020
"GARCIA, SYLVIA R",H,House,DEM,DEMOCRATIC PARTY,TX,29,29,I,Incumbent,H8TX29052,2020
"HAALAND, DEBRA",H,House,DEM,DEMOCRATIC PARTY,NM,1,1,I,Incumbent,H8NM01331,2020
"AXNE, CINDY",H,House,DEM,DEMOCRATIC PARTY,IA,3,3,I,Incumbent,H8IA03124,2020
"LUJAN, BEN R MR.",H,House,DEM,DEMOCRATIC PARTY,NM,3,3,I,Incumbent,H8NM03196,2020
"LOWEY, NITA M",H,House,DEM,DEMOCRATIC PARTY,NY,17,17,I,Incumbent,H8NY20056,2020
"SWALWELL, ERIC MICHAEL",H,House,DEM,DEMOCRATIC PARTY,CA,15,15,I,Incumbent,H2CA15094,2020
"COX, TERRANCE JOHN (TJ)",H,House,DEM,DEMOCRATIC PARTY,CA,21,21,I,Incumbent,H8CA10167,2020
"BUDD, THEODORE P.",H,House,REP,REPUBLICAN PARTY,NC,13,13,I,Incumbent,H6NC13129,2020
"BOYLE, BRENDAN F",H,House,DEM,DEMOCRATIC PARTY,PA,2,2,I,Incumbent,H4PA13199,2020
"MOONEY, ALEXANDER XAVIER",H,House,REP,REPUBLICAN PARTY,WV,2,2,I,Incumbent,H4WV02080,2020
"CUNNINGHAM, JOE",H,House,DEM,DEMOCRATIC PARTY,SC,1,1,I,Incumbent,H8SC01116,2020
"RESCHENTHALER, GUY MR.",H,House,REP,REPUBLICAN PARTY,PA,14,14,I,Incumbent,H8PA18199,2020
"WITTMAN, ROBERT J MR.",H,House,REP,REPUBLICAN PARTY,VA,1,1,I,Incumbent,H8VA01147,2020
"FLORES, BILL",H,House,REP,REPUBLICAN PARTY,TX,17,17,I,Incumbent,H0TX17104,2020
"AMATA, AUMUA",H,House,REP,REPUBLICAN PARTY,AS,0,0,I,Incumbent,H4AS00036,2020
"PALLONE, FRANK JR",H,House,DEM,DEMOCRATIC PARTY,NJ,6,6,I,Incumbent,H8NJ03073,2020
"DEAN, MADELEINE",H,House,DEM,DEMOCRATIC PARTY,PA,4,4,I,Incumbent,H8PA04116,2020
"KATKO, JOHN M",H,House,REP,REPUBLICAN PARTY,NY,24,24,I,Incumbent,H4NY24073,2020
"DAVIDSON, WARREN",H,House,REP,REPUBLICAN PARTY,OH,8,8,I,Incumbent,H6OH08315,2020
"HERN, KEVIN R",H,House,REP,REPUBLICAN PARTY,OK,1,1,I,Incumbent,H8OK01157,2020
"GREEN, MARK DR.",H,House,REP,REPUBLICAN PARTY,TN,7,7,I,Incumbent,H8TN07076,2020
"LIEU, TED",H,House,DEM,DEMOCRATIC PARTY,CA,33,33,I,Incumbent,H4CA33119,2020
"LYNCH, STEPHEN",H,House,DEM,DEMOCRATIC PARTY,MA,8,8,I,Incumbent,H2MA09072,2020
"BIGGS, ANDY MR.",H,House,REP,REPUBLICAN PARTY,AZ,5,5,I,Incumbent,H6AZ05083,2020
"SARBANES, JOHN P. MR.",H,House,DEM,DEMOCRATIC PARTY,MD,3,3,I,Incumbent,H6MD03292,2020
"LATTA, ROBERT EDWARD",H,House,REP,REPUBLICAN PARTY,OH,5,5,I,Incumbent,H8OH05036,2020
"LEVIN, MIKE",H,House,DEM,DEMOCRATIC PARTY,CA,49,49,I,Incumbent,H8CA49058,2020
"ARRINGTON, JODEY COOK",H,House,REP,REPUBLICAN PARTY,TX,19,19,I,Incumbent,H6TX19099,2020
"ESPAILLAT, ADRIANO",H,House,DEM,DEMOCRATIC PARTY,NY,13,13,I,Incumbent,H2NY13096,2020
"CISNEROS, GILBERT",H,House,DEM,DEMOCRATIC PARTY,CA,39,39,I,Incumbent,H8CA39174,2020
"SCOTT, JAMES AUSTIN",H,House,REP,REPUBLICAN PARTY,GA,8,8,I,Incumbent,H0GA08099,2020
"COOK, PAUL",H,House,REP,REPUBLICAN PARTY,CA,8,8,I,Incumbent,H2CA08164,2020
"LURIA, ELAINE",H,House,DEM,DEMOCRATIC PARTY,VA,2,2,I,Incumbent,H8VA02111,2020
"WALBERG, TIMOTHY L REP",H,House,REP,REPUBLICAN PARTY,MI,7,7,I,Incumbent,H4MI07103,2020
"MULLIN, MARKWAYNE MR.",H,House,REP,REPUBLICAN PARTY,OK,2,2,I,Incumbent,H2OK02083,2020
"GALLEGO, RUBEN",H,House,DEM,DEMOCRATIC PARTY,AZ,7,7,I,Incumbent,H4AZ07043,2020
"LARSEN, RICK",H,House,DEM,DEMOCRATIC PARTY,WA,2,2,I,Incumbent,H0WA02080,2020
"HOYER, STENY",H,House,DEM,DEMOCRATIC PARTY,MD,5,5,I,Incumbent,H2MD05155,2020
"FOXX, VIRGINIA ANN",H,House,REP,REPUBLICAN PARTY,NC,5,5,I,Incumbent,H4NC05146,2020
"DOYLE, MICHAEL",H,House,DEM,DEMOCRATIC PARTY,PA,18,18,I,Incumbent,H4PA18131,2020
"QUIGLEY, MIKE",H,House,DEM,DEMOCRATIC PARTY,IL,5,5,I,Incumbent,H0IL05096,2020
"HASTINGS, ALCEE L",H,House,DEM,DEMOCRATIC PARTY,FL,20,20,I,Incumbent,H2FL23021,2020
"HAYES, JAHANA",H,House,DEM,DEMOCRATIC PARTY,CT,5,5,I,Incumbent,H8CT05245,2020
"CASTOR, KATHY",H,House,DEM,DEMOCRATIC PARTY,FL,14,14,I,Incumbent,H6FL11126,2020
"ALLEN, RICHARD W",H,House,REP,REPUBLICAN PARTY,GA,12,12,I,Incumbent,H2GA12121,2020
"ZELDIN, LEE M",H,House,REP,REPUBLICAN PARTY,NY,1,1,I,Incumbent,H8NY01148,2020
"MCKINLEY, DAVID B. MR.",H,House,REP,REPUBLICAN PARTY,WV,1,1,I,Incumbent,H0WV01072,2020
"DELBENE, SUZAN K",H,House,DEM,DEMOCRATIC PARTY,WA,1,1,I,Incumbent,H0WA08046,2020
"RUSH, BOBBY LEE",H,House,DEM,DEMOCRATIC PARTY,IL,1,1,I,Incumbent,H2IL01042,2020
"CARBAJAL, SALUD O.",H,House,DEM,DEMOCRATIC PARTY,CA,24,24,I,Incumbent,H6CA24303,2020
"KINZINGER, ADAM",H,House,REP,REPUBLICAN PARTY,IL,16,16,I,Incumbent,H0IL11052,2020
"ROONEY, FRANCIS",H,House,REP,REPUBLICAN PARTY,FL,19,19,I,Incumbent,H6FL19087,2020
"HORN, KENDRA",H,House,DEM,DEMOCRATIC PARTY,OK,5,5,I,Incumbent,H8OK05109,2020
"FITZPATRICK, BRIAN",H,House,REP,REPUBLICAN PARTY,PA,1,1,I,Incumbent,H6PA08277,2020
"JOHNSON, DUSTY",H,House,REP,REPUBLICAN PARTY,SD,0,0,I,Incumbent,H8SD01055,2020
"KELLY, JOHN TRENT TRENT",H,House,REP,REPUBLICAN PARTY,MS,1,1,I,Incumbent,H6MS01131,2020
"BILIRAKIS, GUS M",H,House,REP,REPUBLICAN PARTY,FL,12,12,I,Incumbent,H6FL09070,2020
"GIBBS, ROBERT",H,House,REP,REPUBLICAN PARTY,OH,7,7,I,Incumbent,H0OH18077,2020
"LEVIN, ANDY",H,House,DEM,DEMOCRATIC PARTY,MI,9,9,I,Incumbent,H8MI09118,2020
"KIM, ANDY",H,House,DEM,DEMOCRATIC PARTY,NJ,3,3,I,Incumbent,H8NJ03206,2020
"MUCARSEL-POWELL, DEBBIE",H,House,DEM,DEMOCRATIC PARTY,FL,26,26,I,Incumbent,H8FL26039,2020
"JAYAPAL, PRAMILA",H,House,DEM,DEMOCRATIC PARTY,WA,7,7,I,Incumbent,H6WA07458,2020
"FLEISCHMANN, CHARLES J",H,House,REP,REPUBLICAN PARTY,TN,3,3,I,Incumbent,H0TN03254,2020
"VELA, FILEMON",H,House,DEM,DEMOCRATIC PARTY,TX,34,34,I,Incumbent,H2TX27190,2020
"TIMMONS, WILLIAM R IV",H,House,REP,REPUBLICAN PARTY,SC,4,4,I,Incumbent,H8SC04250,2020
"GUEST, MICHAEL PATRICK",H,House,REP,REPUBLICAN PARTY,MS,3,3,I,Incumbent,H8MS03125,2020
"MURPHY, STEPHANIE",H,House,DEM,DEMOCRATIC PARTY,FL,7,7,I,Incumbent,H6FL07140,2020
"CARSON, ANDRE",H,House,DEM,DEMOCRATIC PARTY,IN,7,7,I,Incumbent,H8IN07184,2020
"HICE, JODY",H,House,REP,REPUBLICAN PARTY,GA,10,10,I,Incumbent,H0GA07125,2020
"DOGGETT, LLOYD",H,House,DEM,DEMOCRATIC PARTY,TX,35,35,I,Incumbent,H4TX10028,2020
"JOHNSON, BILL",H,House,REP,REPUBLICAN PARTY,OH,6,6,I,Incumbent,H0OH06189,2020
"PLASKETT, STACEY",H,House,DEM,DEMOCRATIC PARTY,VI,0,0,I,Incumbent,H2VI00082,2020
"FRANKEL, LOIS J.",H,House,DEM,DEMOCRATIC PARTY,FL,21,21,I,Incumbent,H2FL14053,2020
"MATSUI, DORIS",H,House,DEM,DEMOCRATIC PARTY,CA,6,6,I,Incumbent,H6CA05195,2020
"CLEAVER, EMANUEL II",H,House,DEM,DEMOCRATIC PARTY,MO,5,5,I,Incumbent,H4MO05234,2020
"ADAMS, ALMA SHEALEY",H,House,DEM,DEMOCRATIC PARTY,NC,12,12,I,Incumbent,H4NC12100,2020
"POSEY, BILL",H,House,REP,REPUBLICAN PARTY,FL,8,8,I,Incumbent,H8FL15107,2020
"ESTES, RON",H,House,REP,REPUBLICAN PARTY,KS,4,4,I,Incumbent,H8KS04112,2020
"ARMSTRONG, KELLY",H,House,REP,REPUBLICAN PARTY,ND,0,0,I,Incumbent,H8ND00096,2020
"GROTHMAN, GLENN S.",H,House,REP,REPUBLICAN PARTY,WI,6,6,I,Incumbent,H4WI06048,2020
"REED, THOMAS W",H,House,REP,REPUBLICAN PARTY,NY,23,23,I,Incumbent,H0NY29054,2020
"DUFFY, SEAN",H,House,REP,REPUBLICAN PARTY,WI,7,7,I,Incumbent,H0WI07051,2020
"SPEIER, JACKIE",H,House,DEM,DEMOCRATIC PARTY,CA,14,14,I,Incumbent,H8CA12171,2020
"NAPOLITANO, GRACE",H,House,DEM,DEMOCRATIC PARTY,CA,32,32,I,Incumbent,H8CA34068,2020
"GRIFFITH, H MORGAN",H,House,REP,REPUBLICAN PARTY,VA,9,9,I,Incumbent,H0VA09055,2020
"ADERHOLT, ROBERT B. REP.",H,House,REP,REPUBLICAN PARTY,AL,4,4,I,Incumbent,H6AL04098,2020
"KING, STEVE MR.",H,House,REP,REPUBLICAN PARTY,IA,4,4,I,Incumbent,H2IA05072,2020
"PASCRELL, WILLIAM J. HON. JR.",H,House,DEM,DEMOCRATIC PARTY,NJ,9,9,I,Incumbent,H6NJ08118,2020
"PETERS, SCOTT",H,House,DEM,DEMOCRATIC PARTY,CA,52,52,I,Incumbent,H2CA52089,2020
